Student_id;Wechsel;Abbruch;Durchschnittsnote;EndNote
0;0;1;0.00;0.00
1;0;0;2.51;2.26
2;0;0;2.28;0.00
3;0;0;2.80;0.00
4;0;1;2.43;0.00
5;0;1;3.30;0.00
6;0;0;2.11;2.06
7;0;1;0.00;0.00
8;0;0;2.06;0.00
9;0;1;1.38;0.00
10;0;1;2.80;0.00
13;0;1;0.00;0.00
16;0;0;2.19;2.10
17;0;1;1.56;0.00
18;0;0;1.42;1.21
19;0;0;2.48;0.00
21;0;0;2.12;2.06
22;0;0;2.59;0.00
23;0;1;0.00;0.00
24;0;0;2.40;2.20
25;0;0;1.84;1.92
26;0;1;2.27;0.00
27;0;1;0.00;0.00
28;0;1;3.30;0.00
32;0;1;3.53;0.00
33;0;1;2.50;0.00
34;0;0;1.42;1.21
35;0;0;2.20;2.10
36;0;0;1.78;1.89
37;0;1;2.78;0.00
38;0;0;1.41;1.21
39;0;1;2.40;0.00
40;0;1;2.50;0.00
41;0;0;2.07;2.04
42;0;0;2.62;0.00
43;0;1;2.61;0.00
45;0;1;2.80;0.00
46;0;0;2.28;2.14
47;0;1;0.00;0.00
48;0;0;2.22;2.11
49;0;1;1.67;0.00
50;0;0;2.39;2.20
51;0;0;2.32;2.16
52;0;1;0.00;0.00
53;0;1;3.24;0.00
54;0;0;1.79;0.00
55;0;0;1.30;0.00
56;0;0;1.91;1.96
58;0;1;1.53;0.00
60;0;0;1.98;1.99
62;0;0;1.78;1.89
65;0;0;2.05;0.00
66;0;0;2.23;2.12
67;0;0;2.82;2.91
68;0;0;2.41;2.21
70;0;1;3.30;0.00
71;0;1;2.82;0.00
72;0;1;0.00;0.00
73;0;0;1.76;1.88
74;0;0;2.10;0.00
75;0;0;2.15;2.08
77;0;0;1.48;1.24
78;0;0;1.51;1.26
79;0;0;1.93;0.00
80;0;0;1.65;0.00
81;0;0;1.37;1.19
82;0;0;0.00;0.00
83;0;0;1.85;1.93
85;0;0;2.00;2.00
87;0;1;2.98;0.00
88;0;0;2.28;2.14
89;0;1;2.55;0.00
90;0;0;1.44;0.00
91;0;0;1.66;1.83
93;0;1;2.89;0.00
94;0;0;2.31;2.16
95;0;1;2.97;0.00
96;0;0;2.26;2.13
97;0;1;2.47;0.00
98;0;0;1.97;0.00
99;0;1;3.30;0.00
100;0;0;1.92;1.96
102;0;1;0.00;0.00
103;0;0;2.93;0.00
104;0;1;3.30;0.00
106;0;0;2.37;2.19
107;0;0;1.84;1.92
108;0;0;1.85;1.93
109;0;0;1.99;2.00
110;0;0;2.07;2.04
112;0;0;2.28;2.14
113;0;1;2.88;0.00
114;0;1;2.30;0.00
115;0;0;1.54;1.27
116;0;1;0.00;0.00
117;0;0;2.02;2.01
118;0;1;0.00;0.00
119;0;1;2.97;0.00
120;0;0;2.99;0.00
122;0;0;2.40;2.20
123;0;0;0.00;0.00
126;0;1;2.49;0.00
127;0;1;0.00;0.00
128;0;1;2.53;0.00
129;0;0;1.88;1.94
130;0;0;1.39;1.20
131;0;0;1.62;0.00
132;0;1;2.04;0.00
133;0;0;1.52;0.00
134;0;0;1.55;0.00
135;0;1;0.00;0.00
136;0;1;0.00;0.00
137;0;1;3.30;0.00
138;0;0;2.27;2.14
139;0;0;2.31;2.16
141;0;1;3.30;0.00
143;0;0;2.62;2.81
144;0;1;2.60;0.00
146;0;0;1.98;1.99
147;0;0;2.55;0.00
148;0;0;2.37;0.00
149;0;1;2.84;0.00
150;0;0;2.39;2.20
151;0;0;2.91;2.96
152;0;0;2.13;0.00
153;0;0;1.69;1.85
154;0;0;0.00;0.00
155;0;1;0.00;0.00
156;0;1;4.00;0.00
157;0;1;2.68;0.00
158;0;1;2.42;0.00
159;0;0;2.57;2.79
160;0;0;1.91;1.96
161;0;0;2.41;2.21
162;0;1;1.91;0.00
163;0;0;2.73;2.87
164;0;1;1.70;0.00
165;0;0;2.01;2.01
166;0;1;2.77;0.00
167;0;0;2.83;2.92
168;0;0;2.51;2.76
169;0;1;2.86;0.00
170;0;0;2.20;2.10
171;0;0;1.54;0.00
172;0;1;0.00;0.00
173;0;1;1.97;0.00
175;0;1;0.00;0.00
176;0;1;2.30;0.00
177;0;0;1.50;1.25
178;0;1;2.10;0.00
179;0;1;1.53;0.00
181;0;1;2.10;0.00
182;0;0;2.18;0.00
183;0;1;2.30;0.00
184;0;1;2.61;0.00
185;0;0;2.30;0.00
187;0;0;2.09;2.05
188;0;0;2.28;0.00
189;0;0;2.44;2.22
190;0;0;2.14;2.07
191;0;0;2.12;2.06
192;0;0;0.00;0.00
193;0;1;2.15;0.00
194;0;1;3.19;0.00
195;0;1;2.49;0.00
196;0;0;2.31;2.16
197;0;0;1.41;0.00
199;0;1;1.95;0.00
200;0;1;0.00;0.00
201;0;0;3.24;0.00
202;0;1;2.76;0.00
203;0;1;2.30;0.00
204;0;0;2.25;2.13
205;0;0;0.00;0.00
207;0;1;0.00;0.00
208;0;1;4.00;0.00
209;0;0;2.12;2.06
210;0;0;2.30;0.00
211;0;1;2.89;0.00
212;0;0;2.36;0.00
213;0;0;2.00;2.00
214;0;1;2.80;0.00
215;0;0;2.12;0.00
216;1;1;4.00;0.00
217;0;1;1.67;0.00
218;0;1;1.70;0.00
219;0;0;2.97;0.00
220;0;1;0.00;0.00
221;0;0;2.19;2.10
224;0;0;1.70;0.00
226;0;0;2.21;2.11
227;0;1;2.62;0.00
230;0;1;2.39;0.00
231;0;0;1.88;1.94
232;0;1;2.46;0.00
234;0;0;2.64;2.82
235;0;1;2.66;0.00
236;0;0;2.29;2.15
238;0;0;2.69;2.85
239;0;1;3.30;0.00
241;0;1;2.15;0.00
242;0;0;2.36;0.00
243;0;1;0.00;0.00
244;0;1;2.13;0.00
246;0;1;0.00;0.00
247;0;0;2.90;0.00
248;0;0;2.64;0.00
249;0;0;3.30;0.00
250;0;1;2.40;0.00
251;0;0;1.85;1.93
252;0;0;2.30;0.00
253;0;0;2.10;2.05
254;0;1;2.99;0.00
256;0;1;2.97;0.00
257;0;0;2.57;2.79
259;0;0;1.78;1.89
261;0;1;2.80;0.00
262;0;1;2.45;0.00
263;0;1;2.83;0.00
264;0;0;2.23;0.00
265;0;0;1.49;0.00
266;1;0;2.32;2.16
267;0;0;1.90;0.00
268;0;0;0.00;0.00
269;0;0;1.91;1.96
270;0;1;0.00;0.00
271;0;1;2.80;0.00
272;0;0;1.55;1.28
274;0;0;2.55;0.00
276;0;0;2.06;2.03
278;0;1;2.10;0.00
279;0;0;2.08;2.04
280;0;0;2.37;0.00
281;0;0;2.89;0.00
282;0;1;3.30;0.00
283;0;1;2.89;0.00
284;0;0;2.01;0.00
285;0;1;2.50;0.00
286;0;0;2.19;0.00
287;0;1;0.00;0.00
289;0;1;2.75;0.00
290;0;0;2.55;0.00
291;0;0;0.00;0.00
292;0;1;0.00;0.00
293;1;1;2.19;0.00
295;1;1;2.80;0.00
296;0;1;2.70;0.00
298;0;0;2.65;2.83
299;0;0;2.62;2.81
300;0;1;0.00;0.00
301;0;1;2.46;0.00
303;0;1;3.30;0.00
304;0;1;2.81;0.00
305;0;0;1.61;1.31
307;0;0;1.79;0.00
308;1;0;3.04;0.00
310;0;0;2.01;2.01
312;0;0;2.26;2.13
314;0;0;1.99;2.00
315;0;0;2.10;0.00
316;0;0;1.96;0.00
317;0;0;2.18;0.00
318;0;0;2.30;0.00
319;1;0;1.96;1.98
321;0;1;2.83;0.00
322;0;0;3.30;0.00
323;0;0;2.03;2.02
324;0;0;1.45;1.23
325;0;0;1.80;1.90
326;0;0;1.61;0.00
327;0;0;2.05;2.03
328;0;0;2.57;0.00
329;0;1;0.00;0.00
330;0;0;1.62;1.31
331;0;0;3.24;0.00
332;0;1;2.44;0.00
333;0;0;2.46;0.00
334;0;0;2.36;2.18
336;0;0;0.00;0.00
337;0;0;2.47;2.24
338;0;0;0.00;0.00
339;0;0;2.90;0.00
340;0;1;0.00;0.00
341;0;0;1.90;1.95
342;0;0;2.17;2.09
344;0;1;1.61;0.00
346;0;0;1.81;1.91
347;0;0;2.71;2.86
348;0;1;2.00;0.00
349;0;0;2.80;0.00
350;0;1;2.82;0.00
351;0;0;0.00;0.00
353;1;1;2.03;0.00
354;0;0;1.71;1.86
355;0;1;2.63;0.00
356;0;0;2.80;0.00
358;0;1;2.50;0.00
359;0;0;2.19;2.10
360;0;0;2.09;0.00
361;0;0;2.53;0.00
362;0;0;2.24;2.12
363;0;1;2.38;0.00
364;0;1;2.89;0.00
365;0;0;2.61;0.00
366;0;0;2.52;0.00
367;0;0;2.73;0.00
368;0;1;2.03;0.00
369;0;1;2.74;0.00
370;0;0;1.75;1.88
371;0;1;0.00;0.00
372;0;0;2.85;0.00
373;0;0;1.76;0.00
375;0;1;0.00;0.00
376;0;0;1.54;1.27
377;0;1;2.40;0.00
378;0;0;1.93;0.00
379;0;0;2.35;0.00
380;0;0;1.93;1.97
381;0;1;2.03;0.00
382;0;0;1.88;1.94
383;0;0;1.88;1.94
384;0;0;2.26;0.00
385;0;1;2.80;0.00
386;0;0;1.85;1.93
387;0;1;1.80;0.00
388;0;0;1.77;1.89
389;0;0;2.07;0.00
391;0;0;2.67;0.00
392;0;0;1.66;1.83
393;0;0;2.12;2.06
395;0;0;2.28;2.14
396;0;1;2.85;0.00
397;0;1;2.32;0.00
398;0;0;2.85;0.00
399;0;1;2.75;0.00
400;0;0;1.71;1.86
401;0;0;2.30;0.00
402;0;1;1.80;0.00
403;0;0;2.71;2.86
404;0;1;3.24;0.00
405;0;0;1.89;1.95
406;0;1;2.80;0.00
407;0;0;1.78;0.00
408;0;0;2.61;2.31
409;0;1;0.00;0.00
411;0;1;2.30;0.00
412;0;0;1.33;1.17
413;0;1;2.36;0.00
414;0;1;2.55;0.00
415;0;1;1.62;0.00
416;0;1;1.83;0.00
417;0;1;0.00;0.00
418;0;1;0.00;0.00
419;0;1;2.48;0.00
420;0;1;2.04;0.00
421;0;1;2.30;0.00
423;0;0;1.97;1.99
424;0;1;3.37;0.00
425;0;0;1.35;1.18
426;0;0;2.73;2.87
427;0;0;1.56;0.00
428;0;0;2.13;0.00
429;0;0;2.12;2.06
430;0;1;1.81;0.00
431;0;0;2.76;0.00
432;0;0;2.48;2.24
433;0;1;0.00;0.00
434;0;1;0.00;0.00
435;0;1;3.29;0.00
436;0;0;2.42;0.00
437;0;1;2.70;0.00
438;0;0;2.21;0.00
439;0;1;0.00;0.00
441;0;1;2.90;0.00
443;0;1;2.72;0.00
444;0;1;2.88;0.00
445;0;1;2.44;0.00
446;0;1;2.74;0.00
448;0;1;2.48;0.00
449;0;1;0.00;0.00
450;0;1;2.26;0.00
451;0;0;2.32;2.16
452;0;0;2.83;0.00
454;0;1;0.00;0.00
455;0;0;2.19;2.10
456;0;0;2.24;2.12
457;0;1;3.30;0.00
461;0;0;1.89;0.00
463;0;0;2.49;0.00
464;1;0;2.14;2.07
465;0;0;2.05;2.03
466;0;0;1.90;0.00
467;0;1;2.92;0.00
469;0;1;3.15;0.00
473;0;0;2.46;2.23
474;0;0;1.41;0.00
475;0;0;1.37;1.19
476;0;0;1.91;1.96
478;0;0;1.79;1.90
479;0;0;3.25;0.00
480;0;0;1.95;1.98
481;0;0;1.79;0.00
482;0;1;3.25;0.00
483;0;1;2.63;0.00
484;0;1;1.30;0.00
485;0;1;0.00;0.00
486;0;0;2.08;2.04
487;0;1;0.00;0.00
488;0;0;2.47;2.24
490;0;0;2.16;2.08
491;0;0;1.36;1.18
492;0;1;2.49;0.00
493;0;0;0.00;0.00
494;0;1;4.00;0.00
496;0;0;2.63;0.00
497;0;0;2.19;0.00
498;0;0;1.77;1.89
499;0;0;0.00;0.00
500;0;1;3.30;0.00
503;0;0;1.68;1.84
504;0;1;0.00;0.00
506;0;1;3.30;0.00
507;0;0;2.55;0.00
508;0;0;2.51;2.76
509;0;0;2.11;2.06
511;0;0;2.90;0.00
512;0;0;1.91;0.00
513;0;0;2.55;0.00
514;0;1;2.45;0.00
515;0;1;2.93;0.00
517;0;0;1.54;1.27
518;0;1;0.00;0.00
520;0;1;2.59;0.00
521;0;1;2.53;0.00
522;0;0;2.21;0.00
524;0;1;2.98;0.00
525;0;1;2.02;0.00
528;0;1;3.00;0.00
529;0;0;2.09;2.05
530;0;0;2.17;2.09
531;0;1;2.63;0.00
532;0;0;1.88;0.00
533;0;0;2.12;0.00
534;0;1;2.62;0.00
535;0;0;1.79;1.90
536;0;0;2.74;0.00
537;0;0;1.51;1.26
538;0;0;2.98;0.00
539;0;0;1.90;0.00
540;0;1;0.00;0.00
541;0;0;2.31;0.00
542;0;0;2.16;2.08
543;0;0;1.61;1.31
544;1;0;2.95;2.98
545;0;0;1.54;0.00
546;0;1;0.00;0.00
548;0;1;0.00;0.00
550;0;0;2.62;0.00
551;0;0;2.62;0.00
552;0;1;2.57;0.00
553;0;0;1.76;0.00
554;0;0;2.42;0.00
555;0;0;1.90;0.00
556;0;0;2.30;0.00
557;0;1;2.43;0.00
558;0;0;2.11;2.06
560;0;1;0.00;0.00
561;0;0;2.34;2.17
563;0;1;2.51;0.00
564;0;1;2.49;0.00
565;0;0;2.46;2.23
566;0;0;1.36;1.18
567;0;1;3.27;0.00
568;1;0;2.56;2.78
569;0;0;1.88;1.94
570;0;0;2.07;2.04
571;0;1;2.73;0.00
572;0;0;2.09;2.05
573;0;0;2.18;2.09
574;0;0;1.70;1.85
575;0;0;1.61;1.31
578;0;1;0.00;0.00
579;0;1;0.00;0.00
580;0;0;1.80;1.90
582;0;0;1.67;0.00
583;0;1;2.15;0.00
584;0;1;1.87;0.00
585;0;0;2.38;2.19
586;0;0;2.46;2.23
587;0;0;1.59;1.30
589;0;0;2.50;0.00
590;0;0;1.92;1.96
591;0;1;2.30;0.00
592;0;0;2.67;0.00
593;0;0;1.77;0.00
595;0;0;2.20;2.10
596;0;1;2.10;0.00
598;0;0;2.16;0.00
599;0;1;2.37;0.00
600;0;0;1.89;1.95
601;0;1;1.90;0.00
602;0;0;1.58;1.29
603;0;1;3.30;0.00
604;0;1;2.70;0.00
605;0;0;2.12;2.06
606;0;1;2.30;0.00
607;0;1;0.00;0.00
608;0;0;1.81;1.91
610;0;0;1.77;0.00
611;0;1;0.00;0.00
612;0;0;1.93;0.00
613;0;0;2.69;2.85
615;0;0;1.53;1.27
616;0;1;0.00;0.00
617;0;0;2.02;2.01
618;0;1;3.30;0.00
619;0;0;2.19;2.10
620;0;0;1.53;1.27
622;0;1;2.28;0.00
624;0;0;2.47;2.24
625;0;0;1.90;1.95
626;0;1;0.00;0.00
627;0;1;2.97;0.00
628;0;0;2.45;2.23
629;0;1;3.30;0.00
630;0;1;3.30;0.00
631;0;1;3.22;0.00
633;0;1;2.80;0.00
634;0;1;2.48;0.00
635;0;0;2.18;2.09
636;0;1;2.30;0.00
637;0;0;2.34;2.17
638;0;0;2.71;2.86
641;0;0;1.71;1.86
643;0;0;1.94;0.00
644;0;1;1.65;0.00
645;0;1;2.98;0.00
647;0;0;1.30;0.00
648;0;0;2.40;2.20
649;0;0;1.77;1.89
650;0;1;1.86;0.00
651;0;0;2.31;2.16
653;0;0;2.44;0.00
654;0;0;2.95;0.00
655;0;0;1.99;2.00
657;0;0;2.03;2.02
659;0;0;1.73;0.00
660;0;0;2.30;0.00
661;0;1;0.00;0.00
662;0;1;0.00;0.00
663;0;1;2.03;0.00
664;1;0;2.49;2.25
665;0;1;2.80;0.00
666;0;0;1.48;1.24
667;0;0;1.97;1.99
668;0;0;2.36;0.00
669;0;0;2.31;0.00
670;0;1;0.00;0.00
671;0;0;1.80;0.00
672;0;0;1.84;1.92
673;0;1;2.30;0.00
674;0;0;2.55;0.00
676;0;0;2.32;2.16
677;0;1;3.48;0.00
678;0;1;2.80;0.00
679;0;0;2.39;2.20
680;0;0;1.70;1.85
682;0;0;2.80;2.90
685;0;1;2.30;0.00
687;0;1;0.00;0.00
688;0;0;2.16;2.08
689;0;1;0.00;0.00
691;0;1;2.98;0.00
692;0;0;2.78;0.00
693;0;0;2.01;2.01
695;0;0;1.88;1.94
697;0;0;2.32;0.00
698;1;0;2.59;0.00
699;0;1;3.24;0.00
700;0;0;1.81;1.91
702;0;0;2.30;0.00
703;0;0;1.58;1.29
704;0;0;1.71;0.00
705;0;1;0.00;0.00
706;0;0;1.91;0.00
708;0;0;2.48;0.00
709;0;1;0.00;0.00
710;0;0;2.27;0.00
711;0;1;4.00;0.00
712;0;1;1.78;0.00
713;0;1;0.00;0.00
714;0;1;0.00;0.00
715;0;0;2.01;0.00
716;0;0;1.83;0.00
717;0;0;1.95;1.98
718;0;1;1.98;0.00
719;0;1;0.00;0.00
720;0;0;2.10;2.05
721;0;1;2.06;0.00
722;0;0;2.37;0.00
723;0;0;1.75;1.88
725;0;1;2.80;0.00
726;0;1;0.00;0.00
727;0;0;2.62;0.00
728;0;0;2.08;2.04
729;0;0;0.00;0.00
730;0;0;1.75;1.88
731;0;1;3.30;0.00
732;0;0;3.07;0.00
733;0;1;2.30;0.00
735;0;1;2.25;0.00
736;0;0;2.10;0.00
737;0;1;0.00;0.00
738;0;1;2.10;0.00
739;0;0;2.17;2.09
741;0;0;1.62;1.81
743;0;0;2.00;2.00
744;0;0;2.50;2.25
745;0;1;3.20;0.00
746;0;0;2.51;2.26
747;0;1;2.78;0.00
748;0;0;1.60;1.30
749;0;0;2.30;2.15
750;0;1;2.30;0.00
751;0;1;2.30;0.00
752;0;0;1.75;0.00
753;0;0;2.67;0.00
754;0;0;2.23;2.12
755;0;0;2.01;2.01
756;0;1;2.71;0.00
757;0;0;2.72;0.00
758;1;1;2.93;0.00
759;0;1;2.34;0.00
760;0;1;2.21;0.00
761;0;1;3.30;0.00
762;0;0;3.30;0.00
763;0;0;2.07;2.04
764;0;1;2.97;0.00
765;0;0;1.98;1.99
766;0;1;2.46;0.00
767;0;1;2.30;0.00
768;0;0;2.10;2.05
769;0;0;0.00;0.00
770;0;0;2.14;2.07
771;0;1;2.72;0.00
772;0;0;1.89;1.95
773;0;1;2.64;0.00
775;0;1;2.16;0.00
777;0;0;1.56;0.00
778;0;0;2.47;0.00
779;0;0;1.59;0.00
780;0;1;1.81;0.00
781;0;1;2.93;0.00
782;0;0;2.03;2.02
783;0;0;2.23;0.00
784;0;1;1.80;0.00
785;0;0;1.41;1.21
787;0;1;2.55;0.00
788;0;0;2.69;2.85
790;0;0;1.96;1.98
792;0;0;1.63;1.32
793;0;1;2.08;0.00
794;0;0;2.21;0.00
795;0;0;2.43;2.22
796;0;0;1.44;1.22
798;0;1;0.00;0.00
799;0;1;2.51;0.00
800;0;0;2.16;0.00
801;0;0;1.40;1.20
802;0;0;2.27;0.00
803;0;1;1.93;0.00
804;0;1;2.30;0.00
805;0;1;1.64;0.00
806;0;1;2.97;0.00
807;0;1;0.00;0.00
808;0;1;1.30;0.00
809;0;0;2.30;0.00
810;0;0;0.00;0.00
811;0;1;3.53;0.00
813;0;0;2.50;2.25
814;0;0;1.65;1.83
815;0;1;4.00;0.00
816;0;0;1.68;0.00
817;0;1;2.80;0.00
818;0;0;2.05;0.00
819;0;0;2.76;0.00
820;0;1;0.00;0.00
821;0;1;3.30;0.00
822;0;1;2.76;0.00
823;0;1;2.72;0.00
824;0;0;2.46;2.23
826;0;1;3.30;0.00
828;0;0;1.91;1.96
829;0;0;2.59;0.00
830;0;1;2.33;0.00
831;0;1;1.93;0.00
833;0;1;2.73;0.00
835;0;1;2.62;0.00
836;0;0;2.17;2.09
837;0;1;3.08;0.00
838;0;1;3.31;0.00
839;0;0;2.03;2.02
841;0;0;2.38;0.00
842;0;1;0.00;0.00
843;0;0;2.31;2.16
845;0;0;1.92;1.96
846;0;0;2.74;0.00
847;0;0;1.86;1.93
848;0;1;0.00;0.00
849;0;1;2.03;0.00
851;0;0;1.85;1.93
853;0;1;3.06;0.00
854;0;1;2.98;0.00
855;0;0;2.16;2.08
856;0;1;2.27;0.00
857;0;0;0.00;0.00
858;0;0;2.80;2.90
859;0;0;1.71;1.86
860;0;0;2.08;2.04
861;0;0;1.70;0.00
862;0;1;3.28;0.00
863;0;0;1.74;1.87
864;0;1;2.53;0.00
865;0;1;0.00;0.00
866;0;1;1.82;0.00
867;0;1;2.72;0.00
869;0;0;2.46;2.23
870;0;0;1.89;0.00
871;0;1;2.84;0.00
872;0;0;2.19;2.10
874;0;0;2.38;0.00
876;0;0;1.96;0.00
878;0;0;2.10;0.00
879;0;1;0.00;0.00
881;0;0;1.99;2.00
882;0;0;2.28;2.14
883;0;0;1.60;1.30
884;0;0;1.94;0.00
885;0;0;3.53;0.00
886;0;0;2.21;2.11
887;0;0;2.58;2.79
888;0;0;2.48;2.24
889;0;0;2.24;0.00
890;0;1;2.44;0.00
892;0;0;2.45;2.23
893;0;1;2.17;0.00
894;0;0;1.48;0.00
895;0;0;2.30;0.00
897;0;0;2.39;0.00
898;0;0;2.17;0.00
899;0;0;1.94;1.97
900;0;0;2.71;0.00
901;0;1;0.00;0.00
902;0;0;2.58;2.79
903;0;0;1.80;0.00
904;0;0;2.05;2.03
905;0;0;1.91;0.00
906;0;0;2.70;0.00
907;0;1;3.20;0.00
908;0;1;2.92;0.00
909;0;0;2.27;0.00
910;0;0;2.32;0.00
911;0;0;1.88;1.94
912;0;0;2.35;2.18
913;0;0;2.23;2.12
914;0;1;2.81;0.00
915;0;0;1.62;1.81
916;0;0;1.57;0.00
917;0;0;2.10;0.00
918;0;0;1.76;1.88
920;0;1;3.30;0.00
922;0;1;2.80;0.00
923;0;1;2.36;0.00
924;0;0;2.97;0.00
925;0;1;1.58;0.00
926;0;1;0.00;0.00
927;0;1;2.30;0.00
929;0;0;2.24;0.00
930;0;1;2.47;0.00
932;0;1;2.93;0.00
933;0;0;1.77;1.89
934;0;1;3.30;0.00
936;0;0;2.63;0.00
937;0;1;0.00;0.00
938;0;0;2.54;0.00
939;0;1;1.87;0.00
940;0;0;1.97;0.00
941;0;1;3.30;0.00
942;0;0;1.56;1.28
943;0;0;1.84;1.92
944;0;1;0.00;0.00
945;0;0;1.60;0.00
946;0;1;2.70;0.00
947;0;0;1.69;1.85
949;0;1;0.00;0.00
950;0;0;1.87;1.94
951;0;0;1.69;1.85
952;0;1;2.35;0.00
953;0;0;1.34;0.00
954;0;1;0.00;0.00
955;0;0;2.92;0.00
956;0;0;2.30;0.00
957;1;0;2.16;2.08
958;0;0;2.41;2.21
959;0;0;1.81;1.91
960;0;0;2.69;0.00
962;0;0;1.73;1.87
963;0;0;2.59;0.00
964;0;0;2.57;2.79
965;0;0;1.86;1.93
966;0;0;3.05;0.00
967;0;0;1.66;0.00
968;0;0;1.59;0.00
969;0;1;3.30;0.00
970;0;1;2.38;0.00
971;0;0;1.94;0.00
973;0;0;1.98;1.99
974;0;0;2.00;0.00
975;0;1;2.63;0.00
976;0;1;3.30;0.00
977;0;0;2.02;2.01
978;0;0;1.78;1.89
979;0;0;1.41;0.00
980;0;1;2.50;0.00
981;0;1;2.30;0.00
982;0;0;1.65;1.33
983;0;1;0.00;0.00
985;0;1;2.80;0.00
986;0;0;2.63;0.00
987;0;0;1.80;1.90
988;0;0;2.73;2.87
989;0;1;1.92;0.00
990;0;1;0.00;0.00
991;0;0;1.68;1.84
992;0;0;2.61;0.00
993;0;1;3.65;0.00
994;0;0;2.00;2.00
996;0;0;2.17;0.00
997;0;0;2.19;2.10
998;0;0;1.80;0.00
999;0;0;2.11;2.06
1000;0;1;2.59;0.00
1001;0;0;2.21;2.11
1002;0;1;3.39;0.00
1003;0;0;1.93;1.97
1004;0;0;2.55;0.00
1005;0;0;2.55;2.28
1006;0;1;0.00;0.00
1007;0;0;1.92;1.96
1008;0;0;2.47;0.00
1009;0;0;1.30;0.00
1010;0;0;2.53;2.27
1012;0;0;2.01;2.01
1013;0;1;0.00;0.00
1014;0;0;2.30;0.00
1015;0;0;2.00;2.00
1017;0;1;3.00;0.00
1018;0;0;2.30;0.00
1019;0;1;3.77;0.00
1021;0;0;2.22;2.11
1022;0;0;1.63;1.82
1023;0;1;2.44;0.00
1024;0;0;1.92;0.00
1025;0;0;2.02;2.01
1027;0;0;1.40;0.00
1029;0;0;1.42;1.21
1030;0;0;2.37;2.19
1031;0;0;1.44;1.22
1034;0;0;2.36;0.00
1035;0;0;2.33;0.00
1036;0;1;0.00;0.00
1037;0;1;0.00;0.00
1039;0;0;2.68;2.84
1040;0;0;1.85;1.93
1041;0;1;3.30;0.00
1043;0;0;2.30;0.00
1044;0;0;1.37;1.19
1045;0;0;1.53;0.00
1046;0;0;1.84;1.92
1047;0;1;0.00;0.00
1048;0;0;2.74;0.00
1049;0;1;2.43;0.00
1050;0;0;1.77;1.89
1051;0;0;1.78;1.89
1052;0;0;1.52;1.26
1053;0;1;0.00;0.00
1054;0;1;2.80;0.00
1055;0;0;1.88;0.00
1056;0;1;2.24;0.00
1058;0;0;2.77;0.00
1059;0;1;3.30;0.00
1060;0;0;1.63;0.00
1061;0;0;1.94;1.97
1063;0;0;2.46;0.00
1064;0;0;2.63;0.00
1065;0;0;2.32;2.16
1066;0;0;1.81;1.91
1068;0;1;0.00;0.00
1069;0;0;2.06;2.03
1070;0;0;2.31;0.00
1071;0;0;1.70;0.00
1073;0;1;2.65;0.00
1076;0;0;2.05;2.03
1077;0;0;2.34;0.00
1078;0;1;0.00;0.00
1080;0;1;2.24;0.00
1082;0;0;2.47;2.24
1083;0;0;1.89;1.95
1084;0;0;1.76;1.88
1085;0;0;1.88;1.94
1087;0;0;2.57;2.29
1088;0;1;1.42;0.00
1089;0;1;0.00;0.00
1090;0;1;2.64;0.00
1093;0;1;0.00;0.00
1094;0;1;0.00;0.00
1095;0;1;2.88;0.00
1096;0;0;2.40;2.20
1097;0;1;4.00;0.00
1099;0;0;3.10;0.00
1100;0;0;1.95;1.98
1101;0;1;0.00;0.00
1102;0;0;2.70;0.00
1103;0;0;0.00;0.00
1104;0;1;0.00;0.00
1105;0;0;2.03;0.00
1106;0;1;2.10;0.00
1107;0;0;1.57;1.29
1108;0;0;1.37;1.19
1109;0;1;3.30;0.00
1110;0;1;1.41;0.00
1111;0;0;1.85;1.93
1112;0;0;2.89;0.00
1113;0;1;2.37;0.00
1114;0;0;1.38;0.00
1115;0;0;2.30;0.00
1116;0;1;1.68;0.00
1117;0;0;2.45;2.23
1118;0;0;1.79;0.00
1119;0;0;1.80;1.90
1120;0;1;2.00;0.00
1121;0;1;2.97;0.00
1122;0;0;2.16;2.08
1123;0;0;1.72;1.86
1124;0;0;3.53;0.00
1125;0;0;2.80;0.00
1127;0;1;0.00;0.00
1128;0;0;2.15;2.08
1129;0;0;2.28;2.14
1130;0;0;1.98;1.99
1131;0;1;2.51;0.00
1132;0;0;2.92;0.00
1133;0;0;3.08;0.00
1135;0;0;2.29;2.15
1136;0;0;2.28;0.00
1137;0;0;2.18;0.00
1138;0;0;2.10;2.05
1139;0;0;2.43;2.22
1142;0;0;1.78;1.89
1143;0;1;2.30;0.00
1144;0;0;2.05;2.03
1145;0;0;1.91;1.96
1146;0;0;2.03;2.02
1147;0;0;2.35;0.00
1148;0;0;1.70;1.85
1149;0;1;0.00;0.00
1150;0;0;2.32;2.16
1151;0;1;0.00;0.00
1152;0;0;1.99;2.00
1153;0;1;3.25;0.00
1154;0;1;2.76;0.00
1155;0;0;1.83;1.92
1156;0;0;2.08;0.00
1158;0;0;2.32;0.00
1159;0;0;1.45;1.23
1160;0;0;2.39;0.00
1161;0;0;2.64;0.00
1162;0;0;2.15;2.08
1163;0;0;1.99;2.00
1164;0;0;2.44;0.00
1165;0;0;1.94;1.97
1166;0;0;2.06;2.03
1167;0;1;2.83;0.00
1168;0;1;0.00;0.00
1169;0;0;1.95;1.98
1170;0;1;0.00;0.00
1171;0;1;2.15;0.00
1172;0;1;2.55;0.00
1173;0;0;2.10;0.00
1176;0;1;3.37;0.00
1177;1;0;2.35;2.18
1178;0;1;3.15;0.00
1179;0;0;0.00;0.00
1180;0;0;2.13;0.00
1181;0;1;2.47;0.00
1182;0;0;2.30;0.00
1183;0;0;1.99;0.00
1184;0;0;1.85;1.93
1186;0;0;2.90;0.00
1187;0;1;2.84;0.00
1188;0;0;2.50;2.25
1189;0;0;1.77;1.89
1190;0;0;1.75;1.88
1191;0;0;3.07;0.00
1192;0;1;2.58;0.00
1193;0;1;3.30;0.00
1195;0;0;1.89;0.00
1196;0;1;3.22;0.00
1197;0;0;2.33;2.17
1199;0;1;2.39;0.00
1200;0;1;3.30;0.00
1201;0;0;2.57;2.79
1203;0;1;3.30;0.00
1204;0;0;1.66;1.83
1205;0;1;0.00;0.00
1206;0;0;1.89;1.95
1207;0;1;0.00;0.00
1208;0;0;2.25;2.13
1209;0;1;2.01;0.00
1210;0;0;2.16;2.08
1211;0;1;2.28;0.00
1212;0;0;2.14;2.07
1213;0;1;2.72;0.00
1214;1;1;2.11;0.00
1215;0;1;3.30;0.00
1216;0;1;3.48;0.00
1218;0;0;2.21;2.11
1219;0;1;0.00;0.00
1220;0;0;1.72;0.00
1222;0;0;1.91;1.96
1223;0;0;2.43;0.00
1224;0;0;2.10;0.00
1225;0;0;1.44;1.22
1226;0;0;3.13;0.00
1227;0;1;3.40;0.00
1229;0;0;1.51;1.26
1230;0;0;2.75;0.00
1231;0;0;2.04;2.02
1233;0;0;2.07;2.04
1235;0;1;2.81;0.00
1236;0;0;1.74;1.87
1237;0;0;2.48;0.00
1238;0;0;2.06;2.03
1239;0;0;2.47;2.74
1240;0;0;2.04;2.02
1241;0;0;2.00;0.00
1242;0;1;0.00;0.00
1243;0;0;2.66;0.00
1244;0;1;2.44;0.00
1245;0;1;3.65;0.00
1248;0;0;2.88;2.94
1249;0;0;2.04;0.00
1250;0;0;2.08;2.04
1252;0;1;1.70;0.00
1253;0;0;2.02;2.01
1254;0;0;2.08;0.00
1255;0;0;2.43;2.22
1256;0;0;2.17;2.09
1258;0;1;2.23;0.00
1259;0;1;2.97;0.00
1260;0;0;2.22;2.11
1262;0;0;2.34;0.00
1263;0;0;1.57;1.29
1264;0;0;2.07;2.04
1265;0;0;2.59;0.00
1266;0;1;2.00;0.00
1267;0;0;1.63;1.82
1268;0;0;2.44;2.22
1269;0;0;3.10;0.00
1270;0;0;2.15;2.08
1271;0;0;2.36;2.18
1272;0;0;2.46;0.00
1273;0;0;2.06;0.00
1274;0;0;1.79;0.00
1275;0;0;1.77;0.00
1276;0;0;1.62;1.31
1277;0;0;2.54;0.00
1279;0;1;1.67;0.00
1280;0;0;1.59;1.30
1282;0;1;0.00;0.00
1283;0;1;3.30;0.00
1284;0;1;0.00;0.00
1285;0;1;3.01;0.00
1287;0;0;2.14;0.00
1288;0;0;1.97;0.00
1289;0;0;2.80;0.00
1294;0;0;2.96;2.98
1295;1;0;3.10;3.05
1296;0;0;1.55;1.28
1297;0;1;2.50;0.00
1299;0;1;0.00;0.00
1300;0;1;2.87;0.00
1301;0;0;1.98;1.99
1302;0;0;3.13;0.00
1303;0;1;1.90;0.00
1305;0;0;1.54;1.27
1306;0;1;2.87;0.00
1307;0;0;1.71;0.00
1308;0;0;1.55;1.28
1310;0;1;2.80;0.00
1311;0;0;2.20;2.10
1313;0;1;2.70;0.00
1314;0;1;2.31;0.00
1316;0;0;1.38;0.00
1317;0;1;2.10;0.00
1322;0;1;2.93;0.00
1323;0;1;0.00;0.00
1324;0;1;2.26;0.00
1325;0;1;3.30;0.00
1326;0;0;1.93;1.97
1327;0;0;2.16;2.08
1328;0;0;2.07;2.04
1329;0;1;0.00;0.00
1330;0;1;3.30;0.00
1332;0;0;3.15;0.00
1333;0;0;1.81;1.91
1334;0;1;3.30;0.00
1335;0;1;2.48;0.00
1336;0;1;2.30;0.00
1337;0;0;2.09;2.05
1338;0;0;1.85;1.93
1339;0;1;2.30;0.00
1340;0;0;1.94;1.97
1341;0;0;2.09;2.05
1342;0;0;2.80;0.00
1343;0;0;2.12;0.00
1344;0;0;1.97;1.99
1346;0;1;0.00;0.00
1347;0;0;2.45;0.00
1348;0;0;2.51;2.26
1349;0;0;2.58;0.00
1351;0;0;2.40;0.00
1352;0;1;2.30;0.00
1355;0;1;2.80;0.00
1358;0;1;4.00;0.00
1359;0;0;2.41;2.21
1360;0;0;2.18;2.09
1363;0;1;0.00;0.00
1364;0;1;2.30;0.00
1365;0;0;2.37;0.00
1367;0;0;1.80;1.90
1368;0;1;2.72;0.00
1369;0;0;1.93;1.97
1370;0;0;2.65;0.00
1371;0;0;1.91;1.96
1373;0;0;2.00;0.00
1374;0;0;1.91;1.96
1375;0;0;2.11;2.06
1377;0;0;1.51;1.26
1378;0;0;2.88;0.00
1379;0;1;2.13;0.00
1381;0;0;1.95;1.98
1382;0;1;0.00;0.00
1383;0;0;2.22;2.11
1384;0;1;3.30;0.00
1385;0;1;0.00;0.00
1386;0;0;1.98;0.00
1387;0;0;2.43;0.00
1388;0;0;2.40;0.00
1389;0;1;2.80;0.00
1390;0;1;3.65;0.00
1391;0;0;2.53;2.27
1392;0;1;2.92;0.00
1393;0;0;2.37;2.19
1394;0;0;2.13;2.07
1395;0;1;0.00;0.00
1396;0;0;2.31;0.00
1398;0;0;1.90;0.00
1401;0;1;0.00;0.00
1404;0;0;1.84;1.92
1405;0;0;2.78;2.89
1406;0;0;1.52;0.00
1407;0;1;0.00;0.00
1408;0;0;1.95;1.98
1409;0;1;1.92;0.00
1410;0;0;0.00;0.00
1412;0;0;2.05;2.03
1413;0;0;2.06;2.03
1414;0;0;2.40;2.20
1416;0;0;1.69;0.00
1419;0;0;2.41;0.00
1420;0;1;1.61;0.00
1421;0;0;1.39;0.00
1422;0;0;1.67;1.84
1423;0;0;1.93;1.97
1425;0;0;2.55;2.78
1426;0;0;2.22;2.11
1427;0;0;1.84;0.00
1428;0;0;2.23;2.12
1429;0;0;2.29;2.15
1430;0;1;2.85;0.00
1431;0;1;1.70;0.00
1433;0;1;2.75;0.00
1434;0;0;1.69;1.85
1436;0;1;2.53;0.00
1438;0;0;2.56;2.28
1439;1;0;2.60;2.80
1440;0;0;1.68;0.00
1441;0;1;3.05;0.00
1445;0;0;0.00;0.00
1446;0;1;2.80;0.00
1447;0;0;2.22;2.11
1449;0;0;2.30;0.00
1450;0;0;1.54;1.27
1451;0;1;1.30;0.00
1452;0;1;3.10;0.00
1454;0;0;2.16;2.08
1455;0;0;2.53;0.00
1456;0;0;0.00;0.00
1457;0;0;2.17;2.09
1458;0;0;2.25;2.13
1459;0;1;2.88;0.00
1460;0;0;2.33;2.17
1462;0;0;2.22;0.00
1463;0;1;2.86;0.00
1465;0;0;0.00;0.00
1466;0;0;3.30;0.00
1467;0;0;2.73;0.00
1468;0;0;1.71;1.86
1469;0;1;2.50;0.00
1470;0;1;3.30;0.00
1471;0;1;3.30;0.00
1472;0;1;0.00;0.00
1474;0;0;1.73;0.00
1475;0;0;2.39;0.00
1476;0;0;1.81;1.91
1477;0;0;2.58;0.00
1478;0;0;1.94;1.97
1479;0;0;2.29;0.00
1481;0;1;2.17;0.00
1482;0;0;2.01;0.00
1483;0;1;2.30;0.00
1484;0;1;0.00;0.00
1485;0;0;0.00;0.00
1486;0;0;1.67;1.84
1487;0;0;2.85;2.93
1488;0;1;2.17;0.00
1490;0;1;2.52;0.00
1491;0;0;1.56;1.28
1492;0;0;2.22;2.11
1493;0;0;2.12;0.00
1494;0;0;1.68;1.84
1495;0;1;2.30;0.00
1496;0;1;1.88;0.00
1497;0;0;2.64;0.00
1498;0;0;1.77;1.89
1499;0;1;2.30;0.00
1500;0;1;2.56;0.00
1501;0;0;2.30;0.00
1502;0;0;2.13;2.07
1503;0;1;1.72;0.00
1504;0;1;1.64;0.00
1505;0;1;3.08;0.00
1507;0;0;2.30;2.15
1509;0;0;1.96;1.98
1510;0;0;1.82;0.00
1512;0;0;2.50;2.75
1513;0;0;1.71;1.86
1514;0;1;3.04;0.00
1516;0;0;1.94;1.97
1517;0;0;2.04;2.02
1518;0;0;1.53;0.00
1519;0;1;2.87;0.00
1521;0;0;2.08;2.04
1522;0;0;1.44;1.22
1523;0;0;2.60;0.00
1524;0;1;2.10;0.00
1525;0;0;0.00;0.00
1526;0;1;1.93;0.00
1528;0;0;2.27;2.14
1529;0;1;0.00;0.00
1530;0;0;2.30;0.00
1531;0;0;2.64;0.00
1532;0;1;0.00;0.00
1534;0;0;2.35;2.18
1535;0;0;3.30;0.00
1536;0;1;2.48;0.00
1537;0;1;2.34;0.00
1539;0;1;2.76;0.00
1541;0;0;2.13;2.07
1542;0;0;2.22;2.11
1543;0;0;1.77;0.00
1544;0;0;2.05;2.03
1545;0;0;2.17;0.00
1546;0;0;1.89;1.95
1547;0;0;3.30;0.00
1548;0;1;0.00;0.00
1549;0;0;2.17;2.09
1550;0;0;2.42;0.00
1551;0;1;0.00;0.00
1552;0;1;2.76;0.00
1553;0;1;0.00;0.00
1554;0;1;2.30;0.00
1555;0;0;2.06;0.00
1556;0;0;1.80;0.00
1557;0;0;2.09;2.05
1558;0;0;2.09;0.00
1559;0;1;0.00;0.00
1560;0;1;2.98;0.00
1562;0;0;0.00;0.00
1563;0;1;0.00;0.00
1564;0;0;1.70;0.00
1565;0;0;2.37;0.00
1566;0;0;2.23;0.00
1568;0;0;1.91;1.96
1569;0;1;2.43;0.00
1570;0;1;0.00;0.00
1572;0;0;2.72;0.00
1573;0;1;2.22;0.00
1574;0;0;2.49;2.25
1575;1;1;2.88;0.00
1576;0;0;2.30;0.00
1577;0;0;1.55;1.28
1578;0;1;0.00;0.00
1580;0;0;2.66;0.00
1582;0;0;1.44;1.22
1583;0;0;1.47;1.24
1584;0;1;3.08;0.00
1585;0;0;2.02;2.01
1586;0;0;1.90;0.00
1588;0;0;2.50;2.25
1589;0;1;0.00;0.00
1590;0;0;2.90;0.00
1592;0;0;1.95;1.98
1593;0;0;2.82;0.00
1594;0;0;2.00;2.00
1596;0;1;0.00;0.00
1598;0;1;0.00;0.00
1599;0;0;2.02;2.01
1600;0;0;1.51;1.26
1601;0;0;0.00;0.00
1602;0;0;1.97;0.00
1603;0;0;2.63;2.82
1604;0;0;2.30;2.15
1605;0;1;2.67;0.00
1606;0;0;2.08;2.04
1607;0;0;1.74;1.87
1608;0;1;3.30;0.00
1609;0;0;2.05;2.03
1610;0;0;1.82;1.91
1611;0;0;3.30;0.00
1612;0;1;2.48;0.00
1613;0;0;2.53;2.27
1614;0;1;0.00;0.00
1615;0;1;0.00;0.00
1616;0;0;1.86;0.00
1617;0;0;2.74;0.00
1618;0;0;1.55;1.28
1619;0;1;2.80;0.00
1620;0;0;1.90;1.95
1621;0;0;2.03;2.02
1622;0;0;2.63;0.00
1623;0;0;1.70;0.00
1624;0;0;3.26;0.00
1625;0;0;2.15;0.00
1626;0;1;2.84;0.00
1627;0;0;2.30;0.00
1628;0;1;2.81;0.00
1630;0;0;2.12;0.00
1631;0;0;1.64;1.82
1633;0;0;1.57;1.29
1634;0;0;2.50;0.00
1636;0;1;2.00;0.00
1637;0;1;0.00;0.00
1638;0;0;1.59;1.80
1640;0;0;2.19;2.10
1643;0;1;2.38;0.00
1644;0;0;1.87;1.94
1645;0;0;1.59;1.30
1646;0;0;2.87;0.00
1647;0;1;0.00;0.00
1648;0;1;1.98;0.00
1649;0;0;2.29;2.15
1650;0;0;1.78;0.00
1651;0;1;0.00;0.00
1652;0;1;2.84;0.00
1653;0;0;1.86;0.00
1654;0;0;2.10;2.05
1655;0;0;1.75;1.88
1656;0;0;1.50;0.00
1657;1;0;3.30;0.00
1658;0;0;2.24;2.12
1660;0;0;1.82;1.91
1661;0;0;1.44;1.22
1664;0;0;2.21;2.11
1665;0;1;3.24;0.00
1666;0;0;1.98;0.00
1667;0;1;3.30;0.00
1668;0;0;2.04;2.02
1669;0;1;2.00;0.00
1670;0;1;2.76;0.00
1671;0;0;2.58;0.00
1673;0;1;3.22;0.00
1674;0;1;0.00;0.00
1675;0;0;2.58;0.00
1676;0;0;2.17;2.09
1677;0;0;1.97;0.00
1678;0;0;2.44;0.00
1679;0;0;2.35;2.18
1680;0;1;1.93;0.00
1682;0;0;1.51;1.26
1683;0;1;0.00;0.00
1684;0;0;1.49;1.25
1685;0;1;2.28;0.00
1686;0;1;3.30;0.00
1687;0;0;1.78;1.89
1688;0;0;2.21;2.11
1689;0;1;2.33;0.00
1690;0;0;1.44;1.22
1691;1;0;2.36;2.18
1693;1;0;2.19;2.10
1694;0;0;1.59;1.30
1695;0;0;3.04;0.00
1697;0;1;0.00;0.00
1698;0;1;4.00;0.00
1699;0;1;0.00;0.00
1700;0;0;2.14;0.00
1701;0;1;1.58;0.00
1702;0;0;2.62;2.81
1703;0;0;2.38;0.00
1704;0;0;1.89;1.95
1705;0;0;2.01;0.00
1706;0;1;1.92;0.00
1707;0;1;2.38;0.00
1708;0;1;1.80;0.00
1709;0;1;2.54;0.00
1710;0;0;1.69;1.85
1712;0;0;1.41;1.21
1713;0;0;2.31;2.16
1714;0;1;2.59;0.00
1715;0;0;2.63;0.00
1716;1;0;1.69;1.85
1717;0;0;2.42;2.21
1718;0;0;2.66;0.00
1719;0;0;2.66;2.83
1720;0;1;2.81;0.00
1721;0;1;3.38;0.00
1722;0;0;2.40;0.00
1724;0;0;2.98;2.99
1725;0;0;2.37;2.19
1727;0;0;1.99;2.00
1729;0;0;2.01;0.00
1730;0;0;2.31;0.00
1731;0;0;2.30;0.00
1733;0;1;2.73;0.00
1734;0;0;1.51;1.26
1735;0;0;3.05;0.00
1736;0;0;2.20;2.10
1738;0;1;2.59;0.00
1740;0;0;1.66;1.83
1741;0;0;2.50;0.00
1742;0;0;2.49;2.25
1743;0;1;2.05;0.00
1744;0;0;2.17;2.09
1746;0;1;3.03;0.00
1747;0;0;2.26;2.13
1749;0;0;1.49;1.25
1751;0;0;0.00;0.00
1752;0;0;1.93;1.97
1753;0;0;0.00;0.00
1754;0;0;2.09;2.05
1755;0;0;2.06;2.03
1756;0;1;2.01;0.00
1757;0;0;1.40;1.20
1758;0;1;2.67;0.00
1759;0;0;2.16;2.08
1760;0;0;2.12;0.00
1761;0;0;3.09;0.00
1762;0;1;4.00;0.00
1763;0;1;0.00;0.00
1765;0;0;2.37;2.19
1766;0;0;0.00;0.00
1767;0;0;1.85;1.93
1768;0;0;2.08;0.00
1769;0;0;1.80;1.90
1771;0;0;1.85;1.93
1772;0;0;1.67;0.00
1773;0;0;1.63;1.82
1774;0;0;1.74;0.00
1775;0;1;0.00;0.00
1776;0;1;1.30;0.00
1777;0;1;2.30;0.00
1778;0;0;2.10;0.00
1779;0;0;2.04;2.02
1781;0;0;2.09;2.05
1782;0;1;3.30;0.00
1783;0;0;2.13;2.07
1784;0;0;2.35;2.18
1785;0;0;1.70;1.85
1787;0;0;2.37;2.19
1788;0;0;0.00;0.00
1789;0;0;1.70;0.00
1791;0;0;2.27;0.00
1792;0;1;0.00;0.00
1793;1;1;2.28;0.00
1794;0;1;1.99;0.00
1795;0;0;2.56;0.00
1796;0;1;3.30;0.00
1797;0;0;1.75;1.88
1799;0;0;2.09;0.00
1800;0;1;2.55;0.00
1801;0;0;2.10;2.05
1802;0;1;2.55;0.00
1803;0;0;2.93;0.00
1804;0;0;0.00;0.00
1805;0;0;1.96;1.98
1806;0;0;2.00;0.00
1807;0;0;2.30;0.00
1808;0;1;0.00;0.00
1809;0;0;1.86;1.93
1810;0;1;0.00;0.00
1811;0;0;3.13;0.00
1812;0;0;2.07;0.00
1813;0;0;2.64;0.00
1814;0;0;1.94;0.00
1815;0;1;2.10;0.00
1816;0;1;2.59;0.00
1817;0;0;2.15;0.00
1818;0;1;2.49;0.00
1819;0;0;1.97;1.99
1820;0;1;0.00;0.00
1822;0;0;2.18;2.09
1823;0;0;1.87;1.94
1824;0;0;0.00;0.00
1827;0;0;2.55;0.00
1828;0;0;2.30;2.15
1829;0;1;3.30;0.00
1830;0;1;2.56;0.00
1831;0;0;2.19;2.10
1832;0;0;1.39;0.00
1833;0;1;2.54;0.00
1834;0;0;2.49;2.25
1835;0;1;2.69;0.00
1836;0;1;0.00;0.00
1837;0;0;1.58;1.29
1839;0;0;2.72;0.00
1840;0;1;2.38;0.00
1841;0;0;2.42;2.21
1842;0;0;1.71;1.86
1843;0;0;1.59;1.80
1844;0;0;2.11;2.06
1845;0;1;2.80;0.00
1846;0;0;2.28;0.00
1847;0;0;2.53;0.00
1848;0;0;3.20;0.00
1849;0;1;2.50;0.00
1850;0;0;2.57;0.00
1851;0;0;2.66;2.83
1853;0;0;0.00;0.00
1854;0;0;2.50;0.00
1857;0;0;1.81;1.91
1858;0;1;2.53;0.00
1860;0;0;1.35;1.18
1861;0;0;2.11;2.06
1862;0;0;2.62;2.81
1863;0;0;1.77;1.89
1864;0;1;1.48;0.00
1865;0;0;2.44;2.22
1866;0;0;1.92;1.96
1867;0;0;2.28;2.14
1868;0;0;1.93;0.00
1869;0;1;0.00;0.00
1870;0;1;0.00;0.00
1871;0;1;2.24;0.00
1872;0;0;2.55;0.00
1873;0;1;2.27;0.00
1874;0;1;2.68;0.00
1875;0;1;3.60;0.00
1876;0;0;1.93;1.97
1877;0;1;2.64;0.00
1878;0;0;2.36;2.18
1879;0;0;1.85;1.93
1880;0;1;3.30;0.00
1882;0;0;2.50;0.00
1883;0;1;2.98;0.00
1887;0;0;2.25;0.00
1888;0;1;2.93;0.00
1889;0;0;1.95;0.00
1891;0;0;1.96;0.00
1892;0;0;2.60;2.80
1893;0;1;0.00;0.00
1894;0;1;0.00;0.00
1895;0;0;1.87;1.94
1896;0;0;1.61;1.81
1897;0;0;2.56;2.78
1898;0;1;2.82;0.00
1900;1;1;2.07;0.00
1901;0;0;2.41;2.21
1902;0;0;2.12;2.06
1903;0;0;2.13;2.07
1904;0;0;2.11;0.00
1905;0;0;2.22;0.00
1906;0;0;2.43;2.22
1907;0;1;0.00;0.00
1908;0;1;0.00;0.00
1909;0;0;1.42;1.21
1910;0;0;2.23;2.12
1911;0;0;2.24;0.00
1912;0;0;1.73;1.87
1913;0;0;2.21;2.11
1914;1;0;1.99;2.00
1915;0;0;2.30;0.00
1916;0;0;2.00;0.00
1917;0;0;1.44;1.22
1918;1;1;1.77;0.00
1919;0;0;2.21;2.11
1920;0;1;3.30;0.00
1921;0;0;1.51;0.00
1922;0;0;1.59;1.80
1923;0;0;2.07;0.00
1924;0;0;2.46;2.23
1925;0;1;3.06;0.00
1926;0;0;1.93;1.97
1928;0;0;2.50;0.00
1929;0;1;2.52;0.00
1930;0;0;1.86;0.00
1931;0;0;2.43;0.00
1932;0;0;2.07;0.00
1933;0;1;3.30;0.00
1934;0;0;1.47;1.24
1937;0;0;2.53;2.27
1939;0;0;2.30;0.00
1940;0;0;2.41;0.00
1941;0;0;1.71;1.86
1942;0;0;0.00;0.00
1943;0;0;3.14;3.07
1945;0;0;1.76;1.88
1946;0;1;2.76;0.00
1947;0;1;1.45;0.00
1948;0;1;3.30;0.00
1949;0;1;0.00;0.00
1950;0;0;2.31;2.16
1951;0;1;2.52;0.00
1952;0;1;1.96;0.00
1953;0;0;2.30;0.00
1955;0;1;2.47;0.00
1956;0;0;1.35;0.00
1957;0;0;2.73;2.87
1958;0;0;1.58;0.00
1959;0;0;1.81;1.91
1960;0;0;1.94;0.00
1961;0;0;1.80;1.90
1963;0;1;2.88;0.00
1965;0;0;2.43;0.00
1968;0;0;1.67;1.84
1969;0;0;2.16;2.08
1970;0;0;1.87;0.00
1971;0;0;0.00;0.00
1972;0;0;1.86;0.00
1974;0;1;2.97;0.00
1975;0;0;1.90;0.00
1976;0;1;1.43;0.00
1977;0;1;2.10;0.00
1978;0;0;2.42;0.00
1980;0;0;1.95;1.98
1981;0;1;1.93;0.00
1982;0;0;2.06;2.03
1983;0;1;0.00;0.00
1985;0;0;1.73;1.87
1986;0;1;0.00;0.00
1990;0;1;2.63;0.00
1991;0;1;2.14;0.00
1992;0;1;1.48;0.00
1994;0;0;2.48;0.00
1997;0;0;2.14;2.07
1998;0;1;2.27;0.00
1999;0;0;2.03;0.00
2000;0;1;2.30;0.00
2001;0;0;2.18;2.09
2002;0;0;1.97;0.00
2005;0;0;1.95;0.00
2007;0;1;2.45;0.00
2008;0;0;2.17;2.09
2009;0;1;2.79;0.00
2010;0;0;1.70;0.00
2011;0;1;3.30;0.00
2012;0;0;2.29;2.15
2013;0;0;1.86;1.93
2014;0;0;0.00;0.00
2016;0;0;1.71;1.86
2017;0;0;3.22;0.00
2018;0;0;2.10;0.00
2019;0;1;2.30;0.00
2021;0;0;2.63;0.00
2022;0;1;0.00;0.00
2023;0;0;2.10;0.00
2025;0;0;2.08;2.04
2027;0;0;2.60;0.00
2028;0;0;2.76;0.00
2029;0;0;2.53;0.00
2030;0;0;1.81;1.91
2031;0;0;2.30;0.00
2032;0;0;2.81;0.00
2033;0;0;1.72;0.00
2034;0;0;2.22;2.11
2035;0;0;2.92;0.00
2036;0;0;1.79;1.90
2037;0;0;1.59;1.30
2038;0;0;2.90;0.00
2039;0;0;2.70;2.85
2040;0;0;2.38;2.19
2041;0;0;1.89;1.95
2042;0;0;2.20;2.10
2043;0;0;2.42;2.21
2044;0;1;2.73;0.00
2045;0;1;0.00;0.00
2046;0;0;1.87;1.94
2047;0;0;2.80;0.00
2048;0;1;2.30;0.00
2049;0;1;1.80;0.00
2050;0;1;1.67;0.00
2051;0;0;2.02;2.01
2053;0;1;0.00;0.00
2054;0;1;2.30;0.00
2056;0;0;2.74;0.00
2057;0;0;1.77;1.89
2059;0;0;1.77;1.89
2060;0;0;2.05;0.00
2061;0;0;2.12;0.00
2063;0;0;1.68;1.84
2064;0;0;2.20;0.00
2065;0;0;2.02;0.00
2066;0;1;2.90;0.00
2067;0;0;2.00;0.00
2068;0;1;0.00;0.00
2069;0;1;2.62;0.00
2070;0;1;0.00;0.00
2072;0;0;2.70;0.00
2073;0;0;1.88;1.94
2074;0;0;1.76;1.88
2075;0;0;0.00;0.00
2076;0;0;1.93;1.97
2077;0;0;2.04;2.02
2078;0;1;0.00;0.00
2079;0;0;2.37;2.19
2080;0;1;1.97;0.00
2081;0;1;2.30;0.00
2082;0;0;1.86;1.93
2084;0;0;2.16;2.08
2085;0;0;1.90;0.00
2086;0;1;1.85;0.00
2087;0;0;1.71;0.00
2089;0;0;2.33;2.17
2090;0;0;2.23;0.00
2091;0;0;2.30;0.00
2092;0;0;1.81;0.00
2093;0;1;0.00;0.00
2095;0;0;2.21;0.00
2096;0;0;1.57;1.29
2098;0;0;1.62;0.00
2099;0;1;2.42;0.00
2100;0;1;0.00;0.00
2102;0;0;2.38;0.00
2103;0;1;0.00;0.00
2104;0;0;0.00;0.00
2106;0;0;1.44;1.22
2107;0;0;1.70;1.85
2108;0;1;0.00;0.00
2110;0;1;2.39;0.00
2111;0;1;2.18;0.00
2112;0;0;2.46;0.00
2113;0;0;2.48;0.00
2114;0;0;1.46;0.00
2115;0;1;1.80;0.00
2116;0;0;1.83;1.92
2117;0;0;1.84;0.00
2118;0;1;2.98;0.00
2119;0;0;3.01;0.00
2120;0;1;2.63;0.00
2122;0;0;2.23;2.12
2123;0;0;2.38;2.19
2124;0;0;1.92;0.00
2125;0;1;2.30;0.00
2126;0;1;0.00;0.00
2128;0;0;1.54;1.27
2129;0;1;0.00;0.00
2131;0;1;1.98;0.00
2132;0;0;1.43;0.00
2133;0;0;2.53;0.00
2134;0;1;0.00;0.00
2135;0;0;2.30;0.00
2137;0;1;2.33;0.00
2138;0;1;3.36;0.00
2139;0;0;1.64;1.82
2140;0;0;2.34;2.17
2141;0;0;2.47;0.00
2143;0;1;2.97;0.00
2144;0;0;2.90;0.00
2145;0;0;2.25;0.00
2146;0;1;0.00;0.00
2147;0;0;1.86;0.00
2148;0;0;2.91;0.00
2149;0;0;2.35;2.18
2150;0;0;2.18;2.09
2151;0;0;1.75;1.88
2152;0;0;1.75;1.88
2153;0;0;2.37;0.00
2154;0;1;3.04;0.00
2157;0;0;2.34;2.17
2158;0;0;2.41;2.21
2159;0;1;2.48;0.00
2160;0;0;1.39;1.20
2161;0;1;2.92;0.00
2163;0;1;2.32;0.00
2165;0;0;2.64;0.00
2166;0;1;0.00;0.00
2167;0;1;1.70;0.00
2169;0;1;0.00;0.00
2170;0;0;1.77;1.89
2171;0;0;1.78;1.89
2172;0;0;2.54;2.27
2173;0;1;2.78;0.00
2174;0;0;2.47;0.00
2175;0;0;1.75;1.88
2177;0;1;2.50;0.00
2178;0;1;0.00;0.00
2180;0;0;1.75;1.88
2181;0;0;2.25;2.13
2183;0;0;1.98;0.00
2186;0;0;2.10;2.05
2187;0;0;1.90;1.95
2189;0;0;2.56;0.00
2192;0;0;2.04;2.02
2193;0;0;1.60;1.80
2194;0;0;2.01;0.00
2195;0;0;2.41;2.21
2196;0;0;1.67;0.00
2197;0;0;1.99;2.00
2198;0;0;2.21;2.11
2200;0;0;2.72;2.86
2202;0;0;2.63;0.00
2204;0;0;1.95;1.98
2205;0;1;0.00;0.00
2206;0;0;1.76;1.88
2207;0;1;3.30;0.00
2208;0;1;0.00;0.00
2209;0;1;2.08;0.00
2210;0;0;2.73;0.00
2211;0;0;1.61;0.00
2213;0;0;2.63;0.00
2215;0;0;2.79;0.00
2216;0;0;2.75;0.00
2217;0;0;2.71;2.86
2218;0;0;2.19;2.10
2220;0;0;1.35;1.18
2221;0;1;2.90;0.00
2222;0;1;2.27;0.00
2223;0;0;2.03;2.02
2224;0;0;2.15;0.00
2225;0;0;1.68;0.00
2226;0;0;2.10;2.05
2227;0;1;0.00;0.00
2228;0;0;2.15;2.08
2230;0;0;2.66;0.00
2232;0;1;3.30;0.00
2233;0;0;1.81;1.91
2234;0;1;2.73;0.00
2235;0;0;2.30;0.00
2236;0;0;1.30;0.00
2237;0;0;2.03;0.00
2238;0;1;1.31;0.00
2239;0;0;1.70;0.00
2240;0;1;1.90;0.00
2241;0;0;1.79;0.00
2242;0;0;2.80;0.00
2243;0;0;2.43;0.00
2244;0;0;2.35;2.18
2245;0;1;2.38;0.00
2246;0;0;1.57;1.29
2247;0;0;2.90;0.00
2248;0;1;2.15;0.00
2249;0;0;2.87;0.00
2250;0;0;1.75;1.88
2251;0;0;2.46;0.00
2252;0;1;2.40;0.00
2254;0;0;2.23;2.12
2255;1;1;2.40;0.00
2259;0;0;1.53;0.00
2260;0;1;2.50;0.00
2261;0;1;2.64;0.00
2262;0;1;2.53;0.00
2263;0;0;1.87;0.00
2264;0;1;2.80;0.00
2265;1;0;1.87;1.94
2266;0;0;1.50;1.25
2267;0;0;2.81;0.00
2269;1;1;3.30;0.00
2270;0;0;0.00;0.00
2271;0;1;2.16;0.00
2272;0;1;1.90;0.00
2273;0;0;4.00;0.00
2274;0;0;2.00;2.00
2275;0;1;1.80;0.00
2276;0;0;1.81;1.91
2277;0;1;4.00;0.00
2278;0;0;2.30;0.00
2279;0;0;1.96;1.98
2280;0;0;2.06;0.00
2281;0;0;3.53;0.00
2282;0;1;0.00;0.00
2283;0;1;2.13;0.00
2286;0;0;2.09;2.05
2288;0;0;2.14;2.07
2290;0;1;2.10;0.00
2291;0;1;2.30;0.00
2292;0;0;1.58;0.00
2294;0;0;2.26;0.00
2295;0;1;2.55;0.00
2296;0;1;2.97;0.00
2297;0;0;2.37;2.19
2298;0;0;2.07;2.04
2303;0;0;1.65;1.83
2304;0;0;2.43;0.00
2305;0;0;2.43;2.72
2306;0;0;2.49;0.00
2308;0;0;2.36;0.00
2309;0;0;2.18;2.09
2311;0;1;2.56;0.00
2314;0;1;2.79;0.00
2315;0;0;2.56;0.00
2316;0;0;2.08;2.04
2317;0;0;2.11;2.06
2318;0;0;2.77;0.00
2319;0;0;1.76;1.88
2320;0;1;0.00;0.00
2321;0;1;2.80;0.00
2322;0;1;2.48;0.00
2323;0;1;1.77;0.00
2324;0;1;2.01;0.00
2325;0;1;2.80;0.00
2326;0;0;1.61;1.31
2327;0;1;0.00;0.00
2328;0;1;3.30;0.00
2329;0;0;2.47;0.00
2331;0;0;2.50;0.00
2332;0;0;2.45;0.00
2333;0;0;2.22;2.11
2334;0;0;2.69;0.00
2335;0;0;2.09;2.05
2336;0;0;2.20;2.10
2337;0;1;2.38;0.00
2338;0;0;2.50;0.00
2340;0;1;0.00;0.00
2341;0;0;1.75;1.88
2343;0;0;2.41;0.00
2344;0;0;2.39;0.00
2345;0;1;2.14;0.00
2346;0;0;1.63;0.00
2348;0;0;0.00;0.00
2350;0;0;1.86;1.93
2351;0;0;2.41;2.21
2352;0;1;0.00;0.00
2353;0;1;0.00;0.00
2354;0;1;0.00;0.00
2355;0;0;2.69;0.00
2356;0;0;1.91;0.00
2358;0;0;2.30;0.00
2359;0;1;4.00;0.00
2360;0;1;1.87;0.00
2361;0;1;2.38;0.00
2362;0;1;2.15;0.00
2363;0;0;2.58;2.29
2365;0;0;1.93;1.97
2366;0;0;2.09;2.05
2367;0;1;2.80;0.00
2368;0;0;1.69;1.85
2369;0;0;2.83;0.00
2370;0;1;2.57;0.00
2371;0;0;2.45;0.00
2372;0;0;2.30;0.00
2374;0;1;2.67;0.00
2376;0;0;1.85;1.93
2377;0;0;2.45;2.23
2378;0;0;0.00;0.00
2379;0;0;1.82;1.91
2380;0;1;2.80;0.00
2381;0;0;1.55;1.28
2382;0;1;0.00;0.00
2383;0;0;2.55;2.28
2385;0;1;2.53;0.00
2388;0;1;2.39;0.00
2389;0;0;1.90;0.00
2391;0;1;0.00;0.00
2392;0;0;1.59;1.30
2393;0;1;0.00;0.00
2394;1;0;2.30;0.00
2395;0;0;1.57;1.79
2396;0;1;0.00;0.00
2397;0;0;2.47;2.74
2398;0;1;2.63;0.00
2399;0;0;2.80;0.00
2400;0;0;2.05;0.00
2401;0;0;1.55;1.28
2402;0;0;2.31;0.00
2403;0;0;0.00;0.00
2404;0;1;3.30;0.00
2405;0;0;1.94;1.97
2406;0;0;2.83;0.00
2407;0;0;0.00;0.00
2408;0;0;2.07;2.04
2409;0;1;1.84;0.00
2410;0;0;2.37;2.19
2411;0;0;1.75;0.00
2412;0;0;2.16;0.00
2413;1;0;2.58;2.79
2414;0;1;0.00;0.00
2415;0;1;3.53;0.00
2417;0;0;2.21;2.11
2419;0;0;2.17;0.00
2420;0;0;1.55;1.28
2421;0;1;3.12;0.00
2423;0;0;2.33;2.17
2424;0;1;0.00;0.00
2425;0;0;2.21;0.00
2426;0;0;1.55;0.00
2427;0;1;3.30;0.00
2428;0;1;0.00;0.00
2429;0;1;0.00;0.00
2430;0;0;2.17;2.09
2433;0;1;2.30;0.00
2435;0;1;2.41;0.00
2437;0;1;2.33;0.00
2438;0;1;2.97;0.00
2439;0;0;2.22;2.11
2440;0;0;1.65;1.33
2441;0;1;2.20;0.00
2442;0;0;0.00;0.00
2443;0;0;2.26;0.00
2446;0;0;3.15;0.00
2447;0;1;2.89;0.00
2448;0;0;1.97;1.99
2449;0;1;0.00;0.00
2450;0;1;1.60;0.00
2451;0;0;2.38;2.19
2452;0;0;2.55;0.00
2454;0;1;0.00;0.00
2455;0;0;2.55;2.28
2456;0;1;2.84;0.00
2458;0;0;1.88;1.94
2460;0;0;2.00;2.00
2461;0;0;2.47;0.00
2462;0;0;2.40;0.00
2463;0;0;1.80;0.00
2464;0;1;2.23;0.00
2465;0;0;1.34;1.17
2466;0;0;2.21;2.11
2467;0;1;0.00;0.00
2468;0;0;1.77;0.00
2469;0;0;1.66;1.83
2471;0;0;2.62;2.81
2472;0;1;0.00;0.00
2474;0;1;0.00;0.00
2475;0;1;2.30;0.00
2479;0;0;1.71;1.86
2480;0;0;2.06;2.03
2483;0;0;2.48;0.00
2484;0;1;1.97;0.00
2485;0;1;1.30;0.00
2486;0;1;2.80;0.00
2487;0;1;2.30;0.00
2488;0;0;1.55;1.28
2489;0;0;1.83;1.92
2490;0;0;2.28;0.00
2491;0;1;2.87;0.00
2492;0;1;3.08;0.00
2493;0;0;1.75;1.88
2494;0;0;2.69;0.00
2495;0;1;2.45;0.00
2496;0;0;2.23;2.12
2497;0;0;2.21;2.11
2498;0;1;2.65;0.00
2499;0;0;2.47;2.24
2500;0;0;1.86;1.93
2501;0;1;0.00;0.00
2502;0;0;2.29;2.15
2503;0;0;2.09;2.05
2504;0;1;2.60;0.00
2505;0;0;2.35;2.18
2506;0;1;1.70;0.00
2507;0;0;2.43;2.22
2508;0;0;2.10;0.00
2509;0;1;2.25;0.00
2510;0;1;0.00;0.00
2511;0;0;0.00;0.00
2512;0;0;1.81;1.91
2513;0;1;0.00;0.00
2514;0;0;1.77;0.00
2517;0;0;2.77;2.89
2518;0;0;1.37;1.19
2519;1;1;2.30;0.00
2520;0;0;1.57;0.00
2521;0;1;3.30;0.00
2522;0;1;0.00;0.00
2523;0;0;2.22;2.11
2524;0;0;2.20;2.10
2525;0;1;2.18;0.00
2526;0;1;2.30;0.00
2527;0;0;2.13;2.07
2528;0;0;1.36;1.18
2530;0;0;1.57;1.29
2531;0;0;2.06;0.00
2533;0;1;3.12;0.00
2534;0;0;2.23;2.12
2535;0;1;0.00;0.00
2536;0;0;2.08;2.04
2537;0;1;2.56;0.00
2539;0;1;2.50;0.00
2540;0;1;0.00;0.00
2542;0;0;2.18;0.00
2543;0;1;0.00;0.00
2544;0;1;2.58;0.00
2545;0;0;0.00;0.00
2546;0;1;2.30;0.00
2547;0;1;1.85;0.00
2548;0;1;1.85;0.00
2549;0;1;3.34;0.00
2550;0;0;1.97;1.99
2551;0;0;1.95;1.98
2552;0;1;2.45;0.00
2554;0;0;1.88;1.94
2555;0;0;1.94;1.97
2556;0;1;2.74;0.00
2557;0;1;2.90;0.00
2558;0;0;2.03;0.00
2559;0;0;2.64;0.00
2560;0;0;2.29;0.00
2561;0;1;2.30;0.00
2562;0;0;2.57;0.00
2563;0;1;2.00;0.00
2564;0;0;0.00;0.00
2565;0;1;2.97;0.00
2566;0;0;2.81;2.91
2567;0;0;2.49;0.00
2570;0;0;2.15;2.08
2571;0;1;2.64;0.00
2573;0;1;0.00;0.00
2574;0;1;2.12;0.00
2575;0;0;1.63;1.82
2577;0;1;2.00;0.00
2579;0;0;2.08;2.04
2580;0;1;3.17;0.00
2582;0;0;2.05;2.03
2583;0;1;2.48;0.00
2584;0;1;0.00;0.00
2585;0;0;1.67;0.00
2587;0;0;2.30;0.00
2588;0;1;3.30;0.00
2589;0;1;2.56;0.00
2591;0;0;2.19;0.00
2593;0;1;0.00;0.00
2597;0;1;2.63;0.00
2598;0;1;0.00;0.00
2600;0;0;1.98;1.99
2601;0;1;2.13;0.00
2602;0;0;1.86;1.93
2603;0;0;2.49;0.00
2604;0;0;2.04;0.00
2605;0;0;2.18;2.09
2606;0;0;2.08;2.04
2607;0;0;1.92;0.00
2608;0;0;2.66;2.83
2609;0;0;2.03;0.00
2610;0;1;1.97;0.00
2611;0;0;0.00;0.00
2612;0;0;2.18;2.09
2613;0;0;2.46;0.00
2615;0;0;2.61;0.00
2616;0;1;1.80;0.00
2617;0;1;0.00;0.00
2618;0;0;2.32;2.16
2619;0;0;2.34;0.00
2620;0;0;1.90;1.95
2621;0;0;1.83;1.92
2622;0;0;1.84;1.92
2623;0;0;2.61;2.81
2624;0;1;0.00;0.00
2625;0;0;2.36;0.00
2626;0;1;2.61;0.00
2627;0;0;1.85;0.00
2628;0;0;2.29;2.15
2629;1;0;2.10;2.05
2630;0;0;2.64;0.00
2632;0;1;0.00;0.00
2633;0;1;1.70;0.00
2635;0;1;2.43;0.00
2636;0;1;0.00;0.00
2637;0;0;2.85;2.93
2638;0;1;2.30;0.00
2639;0;1;2.31;0.00
2640;0;0;2.33;2.17
2641;0;0;1.93;1.97
2645;0;1;2.66;0.00
2646;0;1;2.23;0.00
2647;0;1;0.00;0.00
2648;0;1;0.00;0.00
2649;0;1;2.03;0.00
2650;0;1;1.43;0.00
2652;0;0;2.77;2.89
2653;0;1;2.53;0.00
2654;0;1;0.00;0.00
2655;0;1;0.00;0.00
2656;0;0;2.32;0.00
2657;0;0;0.00;0.00
2658;0;1;0.00;0.00
2661;0;0;2.81;0.00
2663;0;1;1.95;0.00
2664;0;0;2.26;2.13
2665;0;1;0.00;0.00
2667;0;1;0.00;0.00
2669;0;0;1.78;1.89
2670;0;0;1.73;1.87
2671;0;0;2.69;0.00
2672;0;0;1.56;0.00
2673;0;1;2.22;0.00
2674;0;0;2.54;2.27
2676;0;1;0.00;0.00
2678;0;0;2.17;0.00
2679;0;0;2.32;0.00
2680;0;1;1.77;0.00
2681;0;1;2.10;0.00
2682;0;0;1.95;0.00
2683;0;1;2.19;0.00
2684;0;1;0.00;0.00
2685;0;0;2.11;2.06
2686;0;0;2.49;2.25
2687;0;0;2.25;0.00
2688;0;1;3.30;0.00
2689;0;0;2.26;0.00
2690;0;0;1.49;0.00
2691;0;1;2.70;0.00
2692;0;0;1.40;1.20
2693;0;0;2.38;0.00
2694;0;0;0.00;0.00
2695;0;0;2.00;0.00
2696;0;1;2.58;0.00
2697;0;0;1.73;0.00
2698;0;0;2.36;0.00
2699;0;0;2.13;2.07
2700;0;0;2.13;2.07
2701;0;1;0.00;0.00
2702;0;1;2.38;0.00
2703;0;1;1.54;0.00
2704;0;1;0.00;0.00
2705;0;0;2.78;0.00
2706;0;0;1.57;1.29
2707;0;0;1.60;0.00
2709;0;1;0.00;0.00
2710;0;0;2.33;2.17
2711;0;1;0.00;0.00
2712;0;1;2.44;0.00
2713;0;1;1.93;0.00
2714;0;1;3.48;0.00
2715;0;1;2.30;0.00
2716;0;0;2.85;0.00
2717;0;0;2.64;2.82
2719;0;0;2.41;2.21
2720;0;0;2.50;0.00
2721;0;1;2.60;0.00
2722;0;0;2.22;2.11
2723;0;1;2.48;0.00
2724;0;0;2.16;2.08
2725;0;1;0.00;0.00
2726;0;1;2.62;0.00
2727;0;0;2.15;2.08
2730;0;1;1.86;0.00
2731;0;0;2.53;0.00
2732;0;1;2.30;0.00
2733;0;0;2.34;0.00
2734;0;0;1.81;1.91
2735;0;1;2.20;0.00
2736;0;1;1.90;0.00
2739;0;0;2.61;0.00
2740;0;1;2.07;0.00
2741;0;0;2.24;2.12
2742;0;0;2.23;2.12
2744;0;0;1.65;1.83